Report,Case,Backend,Ref,Avg_us,vs_ref,Check,MaxDiff
bench_all_20260717_154129,R1_B128_KV1024,tl_xattn_v3f,,51.76,79.1%,PASS,0.00049
bench_all_20260717_154129,R1_B128_KV1024,tl_xattn_v3m,,47.45,72.5%,PASS,0.00049
bench_all_20260717_154129,R1_B256_KV1024,tl_xattn_v3f,,74.69,76.9%,PASS,0.00049
bench_all_20260717_154129,R1_B256_KV1024,tl_xattn_v3m,,65.76,67.7%,PASS,0.00049
bench_all_20260717_154129,R1_B512_KV1024,tl_xattn_v3f,,127.17,86.3%,PASS,0.00049
bench_all_20260717_154129,R1_B512_KV1024,tl_xattn_v3m,,121.32,82.3%,PASS,0.00049
bench_all_20260717_154129,R1_B1024_KV1024,tl_xattn_v3f,,217.53,82.8%,PASS,0.00049
bench_all_20260717_154129,R1_B1024_KV1024,tl_xattn_v3m,,200.72,76.4%,PASS,0.00049
bench_all_20260717_154129,R1_B2048_KV1024,tl_xattn_v3f,,397.26,81.5%,PASS,0.00049
bench_all_20260717_154129,R1_B2048_KV1024,tl_xattn_v3m,,358.61,73.5%,PASS,0.00049
bench_all_20260717_154129,R1_B4096_KV1024,tl_xattn_v3f,,756.17,75.4%,PASS,0.00049
bench_all_20260717_154129,R1_B4096_KV1024,tl_xattn_v3m,,697.55,69.6%,PASS,0.00049
bench_all_20260717_154129,R2_B128_KV1024,tl_xattn_v3f,,74.55,77.4%,PASS,0.00049
bench_all_20260717_154129,R2_B128_KV1024,tl_xattn_v3m,,65.15,67.6%,PASS,0.00049
bench_all_20260717_154129,R2_B256_KV1024,tl_xattn_v3f,,127.18,89.0%,PASS,0.00049
bench_all_20260717_154129,R2_B256_KV1024,tl_xattn_v3m,,121.13,84.8%,PASS,0.00049
bench_all_20260717_154129,R2_B512_KV1024,tl_xattn_v3f,,217.34,80.7%,PASS,0.00049
bench_all_20260717_154129,R2_B512_KV1024,tl_xattn_v3m,,203.12,75.4%,PASS,0.00049
bench_all_20260717_154129,R2_B1024_KV1024,tl_xattn_v3f,,398.03,80.4%,PASS,0.00049
bench_all_20260717_154129,R2_B1024_KV1024,tl_xattn_v3m,,358.80,72.5%,PASS,0.00049
bench_all_20260717_154129,R2_B2048_KV1024,tl_xattn_v3f,,759.26,74.8%,PASS,0.00049
bench_all_20260717_154129,R2_B2048_KV1024,tl_xattn_v3m,,695.59,68.5%,PASS,0.00049
bench_all_20260717_154129,R2_B4096_KV1024,tl_xattn_v3f,,1502.09,71.0%,PASS,0.00049
bench_all_20260717_154129,R2_B4096_KV1024,tl_xattn_v3m,,1381.99,65.4%,PASS,0.00049
bench_all_20260717_154129,R2_B128_KV2048,tl_xattn_v3f,,116.25,78.5%,PASS,0.00024
bench_all_20260717_154129,R2_B128_KV2048,tl_xattn_v3m,,113.91,76.9%,PASS,0.00024
bench_all_20260717_154129,R2_B256_KV2048,tl_xattn_v3f,,204.91,80.4%,PASS,0.00049
bench_all_20260717_154129,R2_B256_KV2048,tl_xattn_v3m,,208.94,82.0%,PASS,0.00049
bench_all_20260717_154129,R2_B512_KV2048,tl_xattn_v3f,,344.83,74.8%,PASS,0.00049
bench_all_20260717_154129,R2_B512_KV2048,tl_xattn_v3m,,345.73,75.0%,PASS,0.00049
bench_all_20260717_154129,R2_B1024_KV2048,tl_xattn_v3f,,634.02,71.1%,PASS,0.00049
bench_all_20260717_154129,R2_B1024_KV2048,tl_xattn_v3m,,626.39,70.2%,PASS,0.00049
bench_all_20260717_154129,R2_B2048_KV2048,tl_xattn_v3f,,1265.41,70.8%,PASS,0.00049
bench_all_20260717_154129,R2_B2048_KV2048,tl_xattn_v3m,,1237.70,69.2%,PASS,0.00049
bench_all_20260717_154129,R2_B4096_KV2048,tl_xattn_v3f,,2465.50,67.4%,PASS,0.00049
bench_all_20260717_154129,R2_B4096_KV2048,tl_xattn_v3m,,2432.55,66.5%,PASS,0.00049
bench_all_20260717_180125,R1_B128_KV1024,tl_xattn_v3n,,46.71,71.0%,PASS,0.00049
bench_all_20260717_180125,R1_B128_KV1024,tl_xattn_v3p,,45.14,68.6%,PASS,0.00049
bench_all_20260717_180125,R1_B256_KV1024,tl_xattn_v3n,,63.80,66.4%,PASS,0.00049
bench_all_20260717_180125,R1_B256_KV1024,tl_xattn_v3p,,61.19,63.7%,PASS,0.00049
bench_all_20260717_180125,R1_B512_KV1024,tl_xattn_v3n,,118.86,76.9%,PASS,0.00049
bench_all_20260717_180125,R1_B512_KV1024,tl_xattn_v3p,,112.68,72.9%,PASS,0.00049
bench_all_20260717_180125,R1_B1024_KV1024,tl_xattn_v3n,,197.30,74.7%,PASS,0.00049
bench_all_20260717_180125,R1_B1024_KV1024,tl_xattn_v3p,,186.38,70.6%,PASS,0.00049
bench_all_20260717_180125,R1_B2048_KV1024,tl_xattn_v3n,,351.03,70.7%,PASS,0.00049
bench_all_20260717_180125,R1_B2048_KV1024,tl_xattn_v3p,,330.25,66.5%,PASS,0.00049
bench_all_20260717_180125,R1_B4096_KV1024,tl_xattn_v3n,,679.30,67.9%,PASS,0.00049
bench_all_20260717_180125,R1_B4096_KV1024,tl_xattn_v3p,,634.61,63.5%,PASS,0.00049
bench_all_20260717_180125,R2_B128_KV1024,tl_xattn_v3n,,63.80,65.8%,PASS,0.00049
bench_all_20260717_180125,R2_B128_KV1024,tl_xattn_v3p,,60.93,62.9%,PASS,0.00049
bench_all_20260717_180125,R2_B256_KV1024,tl_xattn_v3n,,117.52,76.9%,PASS,0.00049
bench_all_20260717_180125,R2_B256_KV1024,tl_xattn_v3p,,111.22,72.8%,PASS,0.00049
bench_all_20260717_180125,R2_B512_KV1024,tl_xattn_v3n,,196.30,74.8%,PASS,0.00049
bench_all_20260717_180125,R2_B512_KV1024,tl_xattn_v3p,,185.45,70.7%,PASS,0.00049
bench_all_20260717_180125,R2_B1024_KV1024,tl_xattn_v3n,,349.77,70.8%,PASS,0.00049
bench_all_20260717_180125,R2_B1024_KV1024,tl_xattn_v3p,,329.18,66.6%,PASS,0.00049
bench_all_20260717_180125,R2_B2048_KV1024,tl_xattn_v3n,,682.33,68.2%,PASS,0.00049
bench_all_20260717_180125,R2_B2048_KV1024,tl_xattn_v3p,,636.98,63.6%,PASS,0.00049
bench_all_20260717_180125,R2_B4096_KV1024,tl_xattn_v3n,,1354.20,69.3%,PASS,0.00049
bench_all_20260717_180125,R2_B4096_KV1024,tl_xattn_v3p,,1257.31,64.3%,PASS,0.00049
bench_all_20260717_180125,R2_B128_KV2048,tl_xattn_v3n,,112.49,76.5%,PASS,0.00024
bench_all_20260717_180125,R2_B128_KV2048,tl_xattn_v3p,,109.73,74.6%,PASS,0.00024
bench_all_20260717_180125,R2_B256_KV2048,tl_xattn_v3n,,200.13,78.3%,PASS,0.00049
bench_all_20260717_180125,R2_B256_KV2048,tl_xattn_v3p,,193.62,75.7%,PASS,0.00049
bench_all_20260717_180125,R2_B512_KV2048,tl_xattn_v3n,,342.18,73.8%,PASS,0.00049
bench_all_20260717_180125,R2_B512_KV2048,tl_xattn_v3p,,332.42,71.7%,PASS,0.00049
bench_all_20260717_180125,R2_B1024_KV2048,tl_xattn_v3n,,611.35,70.3%,PASS,0.00049
bench_all_20260717_180125,R2_B1024_KV2048,tl_xattn_v3p,,591.83,68.0%,PASS,0.00049
bench_all_20260717_180125,R2_B2048_KV2048,tl_xattn_v3n,,1222.24,68.8%,PASS,0.00049
bench_all_20260717_180125,R2_B2048_KV2048,tl_xattn_v3p,,1186.68,66.8%,PASS,0.00049
bench_all_20260717_180125,R2_B4096_KV2048,tl_xattn_v3n,,2368.31,63.9%,PASS,0.00049
bench_all_20260717_180125,R2_B4096_KV2048,tl_xattn_v3p,,2285.98,61.7%,PASS,0.00049
bench_all_20260717_190318,R1_B128_KV1024,tl_xattn_v3p,,45.22,71.5%,PASS,0.00049
bench_all_20260717_190318,R1_B128_KV1024,tl_xattn_v3q,,44.76,70.7%,PASS,0.00049
bench_all_20260717_190318,R1_B256_KV1024,tl_xattn_v3p,,60.87,67.3%,PASS,0.00049
bench_all_20260717_190318,R1_B256_KV1024,tl_xattn_v3q,,59.53,65.8%,PASS,0.00049
bench_all_20260717_190318,R1_B512_KV1024,tl_xattn_v3p,,112.83,74.7%,PASS,0.00049
bench_all_20260717_190318,R1_B512_KV1024,tl_xattn_v3q,,110.04,72.8%,PASS,0.00049
bench_all_20260717_190318,R1_B1024_KV1024,tl_xattn_v3p,,185.31,71.7%,PASS,0.00049
bench_all_20260717_190318,R1_B1024_KV1024,tl_xattn_v3q,,180.02,69.7%,PASS,0.00049
bench_all_20260717_190318,R1_B2048_KV1024,tl_xattn_v3p,,328.47,66.0%,PASS,0.00049
bench_all_20260717_190318,R1_B2048_KV1024,tl_xattn_v3q,,318.54,64.0%,PASS,0.00049
bench_all_20260717_190318,R1_B4096_KV1024,tl_xattn_v3p,,634.37,63.5%,PASS,0.00049
bench_all_20260717_190318,R1_B4096_KV1024,tl_xattn_v3q,,612.91,61.4%,PASS,0.00049
bench_all_20260717_190318,R2_B128_KV1024,tl_xattn_v3p,,60.41,64.6%,PASS,0.00049
bench_all_20260717_190318,R2_B128_KV1024,tl_xattn_v3q,,59.34,63.4%,PASS,0.00049
bench_all_20260717_190318,R2_B256_KV1024,tl_xattn_v3p,,111.83,77.8%,PASS,0.00049
bench_all_20260717_190318,R2_B256_KV1024,tl_xattn_v3q,,109.44,76.1%,PASS,0.00049
bench_all_20260717_190318,R2_B512_KV1024,tl_xattn_v3p,,186.10,70.0%,PASS,0.00049
bench_all_20260717_190318,R2_B512_KV1024,tl_xattn_v3q,,180.10,67.8%,PASS,0.00049
bench_all_20260717_190318,R2_B1024_KV1024,tl_xattn_v3p,,327.62,66.0%,PASS,0.00049
bench_all_20260717_190318,R2_B1024_KV1024,tl_xattn_v3q,,316.64,63.8%,PASS,0.00049
bench_all_20260717_190318,R2_B2048_KV1024,tl_xattn_v3p,,637.38,63.2%,PASS,0.00049
bench_all_20260717_190318,R2_B2048_KV1024,tl_xattn_v3q,,613.49,60.8%,PASS,0.00049
bench_all_20260717_190318,R2_B4096_KV1024,tl_xattn_v3p,,1255.40,59.2%,PASS,0.00049
bench_all_20260717_190318,R2_B4096_KV1024,tl_xattn_v3q,,1215.92,57.4%,PASS,0.00049
bench_all_20260717_190318,R2_B128_KV2048,tl_xattn_v3p,,108.56,75.0%,PASS,0.00024
bench_all_20260717_190318,R2_B128_KV2048,tl_xattn_v3q,,107.29,74.1%,PASS,0.00024
bench_all_20260717_190318,R2_B256_KV2048,tl_xattn_v3p,,188.55,77.0%,PASS,0.00049
bench_all_20260717_190318,R2_B256_KV2048,tl_xattn_v3q,,186.34,76.0%,PASS,0.00049
bench_all_20260717_190318,R2_B512_KV2048,tl_xattn_v3p,,330.16,71.0%,PASS,0.00049
bench_all_20260717_190318,R2_B512_KV2048,tl_xattn_v3q,,325.44,70.0%,PASS,0.00049
bench_all_20260717_190318,R2_B1024_KV2048,tl_xattn_v3p,,596.60,67.4%,PASS,0.00049
bench_all_20260717_190318,R2_B1024_KV2048,tl_xattn_v3q,,586.57,66.3%,PASS,0.00049
bench_all_20260717_190318,R2_B2048_KV2048,tl_xattn_v3p,,1186.30,65.6%,PASS,0.00049
bench_all_20260717_190318,R2_B2048_KV2048,tl_xattn_v3q,,1168.76,64.6%,PASS,0.00049
bench_all_20260717_190318,R2_B4096_KV2048,tl_xattn_v3p,,2328.30,68.6%,PASS,0.00049
bench_all_20260717_190318,R2_B4096_KV2048,tl_xattn_v3q,,2293.64,67.5%,PASS,0.00049
